loop;Wzgorza Krzeslawickie;50.09468867001616, 20.065187215805057;1,4,5;1NE10,4NE10,5NE10;;;
path;Wzgorza Krzeslawickie;Jarzebiny;100;1,4,5;"50.09468867001616, 20.065187215805057; 50.091759961497175, 20.06050944328308";80;1
stop;Jarzebiny;50.091759961497175, 20.06050944328308;1,4,5;;;;
path;Jarzebiny;Darwina;100;1,4,5;" 50.091759961497175, 20.06050944328308; 50.09104410422565, 20.05938291549683; 50.09080662998019, 20.05909323692322";80;1
stop;Darwina;50.09080662998019, 20.05909323692322;1,4,5;;;;
path;Darwina;Wiadukty;100;1,4,5;"50.09081007164435, 20.059109330177307; 50.08945059507735, 20.05779504776001; 50.088359544216885, 20.0567489862442";80;1
stop;Wiadukty;50.088345776854915, 20.0567489862442;1,4,5;;;;
path;Wiadukty;Jwiadukty;100;1,4,5;"50.088359544216885, 20.05675435066223; 50.087829497926045, 20.056244730949405";80;0.2
junction;Jwiadukty;50.087829497926045, 20.056244730949405;1,4,5;;;;
path;Jwiadukty;Wankowicza;100;1,5;"50.08783982355911, 20.056223273277286; 50.08694836904213, 20.047473907470707";80;1
stop;Wankowicza;50.086955252924334, 20.047473907470707;1,5;1NE1;;;
path;Wankowicza;Cienista;100;1,5;"50.086955252924334, 20.047484636306766; 50.0864010972444, 20.04190564155579; 50.08576088456914, 20.03938436508179; 50.0851963888797, 20.03815054893494";80;1
stop;Cienista;50.08519294681241, 20.03815054893494;1,5;;;;
path;Cienista;Teatr Ludowy;100;1,5;"50.08517917854083, 20.03814518451691; 50.082132851214695, 20.032474994659427";80;2
stop;Teatr Ludowy;50.082132851214695, 20.032474994659427;1,5;;;;
path;Teatr Ludowy;rondo kocmyrzowskie im ks gorzelanego;100;1,5;"50.0821362935017, 20.03245353698731; 50.08030151947189, 20.029041767120365; 50.079943506595285, 20.0279313325882; 50.07962680066814, 20.027346611022953";80;2
stop;rondo kocmyrzowskie im ks gorzelanego;50.07961991573343, 20.027330517768863;1,5,9,14,16,21,52;;;;
path;rondo kocmyrzowskie im ks gorzelanego;Bienczycka;100;1,5,9!,14!,52!;"50.07964057053456, 20.027330517768863; 50.079310092648754, 20.026772618293766; 50.07886256688051, 20.026322007179264; 50.078711095674244, 20.026112794876102; 50.07587092194774, 20.020850300788883";80;1
stop;Bienczycka;50.075881250156975, 20.02088248729706;1,5,9,14,52;;;;
path;Bienczycka;Rondo Czyzynskie;100;1,5,9!,14!,52!;"50.075891578364, 20.020893216133118; 50.07451446446665, 20.018339753150943; 50.073953279211, 20.017744302749637; 50.07345405981334, 20.01745998859406";80;3
stop;Rondo Czyzynskie;50.07345405981334, 20.01744389533997;1,4,5,9,10,14,22,44,52;;;;
path;Rondo Czyzynskie;Centralna;100;1,14!,22;"50.073450616902896, 20.01745462417603; 50.0721801660743, 20.016767978668216; 50.07106117743937, 20.016129612922672; 50.07061701778852, 20.01567363739014; 50.070255489454446, 20.015088915824894; 50.06960473158503, 20.013291835784916; 50.06931205982325, 20.01247644424439";80;1
stop;Centralna;50.06931205982325, 20.012481808662418;1,14,22;;;;
path;Centralna;rondo 308 dywizjonu;100;1,14!,22;"50.069315503030836, 20.012487173080448; 50.06868194867419, 20.01020729541779; 50.06771094151507, 20.0069135427475; 50.06754566174288, 20.006371736526493; 50.06739071143917, 20.00536322593689";80;1
stop;rondo 308 dywizjonu;50.067383824747395, 20.00536859035492;1,14,22;;;;
path;rondo 308 dywizjonu;M1 al pokoju;100;1,14!,22;"50.06740104147499, 20.00536859035492; 50.0673046277208, 20.004858970642093; 50.06717033681163, 20.00447273254395; 50.066922414145296, 20.003995299339298; 50.06683977297174, 20.00373244285584; 50.066257837342974, 20.00073373317719; 50.065586364382476, 19.996876716613773";80;2
stop;M1 al pokoju;50.06558292090717, 19.996892809867862;1,14,22;;;;
path;M1 al pokoju;Tauron Arena Krakow Al Pokoju;100;1,14!,22;"50.06558292090717, 19.996865987777714; 50.064308818076526, 19.989543557167057";80;1
stop;Tauron Arena Krakow Al Pokoju;50.064291600238946, 19.989516735076908;1,14,22;;;;
path;Tauron Arena Krakow Al Pokoju;Plaza;100;1,14!,22;"50.06429848737473, 19.98950064182282; 50.06372340813163, 19.986067414283756; 50.06350990390315, 19.98512864112854; 50.06324818774606, 19.984393715858463; 50.06303123774396, 19.9839484691619";80;1
stop;Plaza;50.06302779408522, 19.98394846916199;1,14,22;;;;
path;Plaza;Jdabie;100;1,14!,22;"50.0630518996912, 19.98395919799805; 50.06110963775004, 19.979914426803592";80;1
junction;Jdabie;50.06110963775004, 19.979914426803592;;;;;
path;Ldabie;Jdabie;100;7;"50.06161931693358, 19.979850053787235; 50.06134725912427, 19.979721307754517; 50.06097532949616, 19.979624748229984";80;
loop;Ldabie;50.06162964821238, 19.979721307754517;7;;;;
path;Jdabie;Dabie;100;1,7,14!,22;"50.06109930635925, 19.979925155639652; 50.060734262456286, 19.979147315025333";80;1
stop;Dabie;50.060723930984636, 19.979152679443363;1,14,22;;;;
path;Dabie;Ofiar Dabia;100;1,7,14!,22;"50.060723930984636, 19.979163408279422; 50.05989396216115, 19.977419972419742; 50.059735543243434, 19.976899623870853; 50.05962189456718, 19.97626662254334";80;1
stop;Ofiar Dabia;50.05961156285597, 19.97626125812531;1,14,22;;;;
path;Ofiar Dabia;Fabryczna;100;1,7,14!,22;"50.059628782373395, 19.97626662254334; 50.059511689533075, 19.975445866584778; 50.059511689533075, 19.975156188011173; 50.059577123802605, 19.974372982978824; 50.059807864988144, 19.97324109077454; 50.06035888422532, 19.970682263374332";80;1
stop;Fabryczna;50.06035888422532, 19.970682263374332;1,14,22;;;;
path;Fabryczna;Francesco Nullo;100;1,7,14!,22;"50.06033477726608, 19.97074127197266; 50.06048975036411, 19.970038533210754; 50.06053107643904, 19.969555735588077; 50.0605069695663, 19.96897637844086; 50.06044498040943, 19.96845066547394; 50.06010059474589, 19.967093467712406";80;1
stop;Francesco Nullo;50.060090263137816, 19.967098832130436;1,14,22;;;;
path;Francesco Nullo;Teatr Variete;100;1,7,14!,22;"50.06008681926794, 19.967066645622253; 50.05932916188851, 19.963933825492862; 50.05919140471578, 19.96340811252594; 50.05900543190518, 19.962801933288578; 50.05885389797095, 19.96245324611664";80;1
stop;Teatr Variete;50.05885045401232, 19.96245324611664;1,14,22;;;;
path;Teatr Variete;Rondo Grzegorzeckie;100;1,7,14!,22;"50.058836678175396, 19.96244251728058; 50.05812377321551, 19.960881471633915; 50.05773115436634, 19.95973348617554; 50.0576140568946, 19.95898246765137";80;1
stop;Rondo Grzegorzeckie;50.057624389035944, 19.95898246765137;1,9,14,17,19,20,22,50;;;;
path;Rondo Grzegorzeckie;Hala Targowa;100;1,17!,19,12!,22;"50.057521067522245, 19.95722830295563; 50.05753139968361, 19.9569708108902; 50.05841651324899, 19.954385161399845; 50.0585646045856, 19.953639507293705; 50.05878846271499, 19.9507749080658; 50.05878846271499, 19.950624704360965; 50.05866792385204, 19.948832988739014";80;2
stop;Hala Targowa;50.0586748117952, 19.948832988739014;1,17,19,22;;;;
path;Hala Targowa;Starowislna;100;1,17!,19,12!,22;"50.05866792385204, 19.948854446411136; 50.05861970822205, 19.948436021804813; 50.05834763340181, 19.947159290313724; 50.05819609738992, 19.946891069412235; 50.05807555703867, 19.946719408035282; 50.05713188782321, 19.945914745330814; 50.05652228141864, 19.945448040962223";80;2
stop;Starowislna;50.0564912842759, 19.945453405380253;1,3,17,19,22,24,52;;;;
path;Starowislna;Poczta Glowna;100;1,3,24,52;"50.05649472840386, 19.94543194770813; 50.056808143013455, 19.945195913314823; 50.057135331905165, 19.944680929183964; 50.0586438160431, 19.943071603775024; 50.05958745552122, 19.942122101783756";80;2.5
stop;Poczta Glowna;50.05957023598896, 19.942100644111637;1,3,10,24,52;;;;
path;Poczta Glowna;J Poczta Glowna;100;10,1;"50.05958745552122, 19.942100644111637; 50.059218956181965, 19.941591024398804; 50.05900887585266, 19.94129598140717";80;1
junction;J Poczta Glowna;50.05898476821506, 19.94126379489899;1,3,10,24,52;;;;
path;J Poczta Glowna;Plac Wszystkich Swietych;100;1,6,8!,13,18;"50.05899510006123, 19.941317439079288; 50.05899165611275, 19.940856099128727; 50.05909497445953, 19.938688874244693; 50.059129413859026, 19.93792712688446";80;0.5
stop;Plac Wszystkich Swietych;50.059129413859026, 19.93792712688446;1,6,8,13,18;;;;
path;Plac Wszystkich Swietych;Filharmonia;100;1,6,8!,13,18;"50.0591225259811, 19.93792712688446; 50.05915007748685, 19.937208294868473; 50.05920518045086, 19.936934709548954; 50.05938082072629, 19.93655383586884; 50.05945314300577, 19.936274886131287; 50.05946691866568, 19.93599593639374; 50.05938082072629, 19.934853315353397; 50.05934293758402, 19.93470311164856; 50.058826346295106, 19.933345913887027";80;2
stop;Filharmonia;50.05884012213499, 19.933372735977176;1,2,6,8,13,18;;;;
path;Filharmonia;Jubilat;100;1,2,6;"50.058826346295106, 19.933372735977176; 50.05868169973741, 19.932943582534794; 50.05764849735713, 19.930711984634403; 50.05647406363236, 19.929295778274536; 50.055905778929045, 19.92867887020111; 50.05558891423238, 19.92827117443085; 50.05528582430359, 19.927675724029545";80;2
stop;Jubilat;50.05522727261943, 19.92755234241486;1,2,6;;;;
path;Jubilat;Komorowskiego;100;1,2,6;"50.05522727261943, 19.92752552032471; 50.05468308296048, 19.92625415325165; 50.05341557932077, 19.92183387279511";80;1
stop;Komorowskiego;50.05341557932077, 19.921849966049198;1,2,6;;;;
path;Komorowskiego;Salwator;100;1,2,6;"50.05341557932077, 19.92182850837708; 50.05260959491914, 19.91903901100159; 50.052537262323675, 19.91805732250214; 50.05264403897387, 19.917145371437076; 50.052774926156424, 19.91601347923279";80;1
stop;Salwator;50.052774926156424, 19.91606712341309;1,2,6;;;;
path;Salwator;L Salwator;100;1,2,6;"50.05277837055117, 19.916051030159; 50.052774926156424, 19.915444850921634; 50.052737037798195, 19.914758205413822; 50.05264403897387, 19.914189577102665";80;0.05
loop;L Salwator;50.052626816949584, 19.914189577102665;1,2,6;1SW5,2SW5,6SW10;;;
stop;Elektromontaz;50.08771935770142, 20.06412506103516;4;;;;
stop;Zajezdnia Nowa Huta;50.08352007286301, 20.065573453903202;4;;;;
junction;J Kombinat;50.08131702221842, 20.065825581550598 ;4,22;;;;
stop;Kombinat;50.0792171453329, 20.06589531898499;4,21,22,44;;4NE2;;
stop;Struga;50.07475546225382, 20.04686236381531;4,21,22,44;;;;
stop;Plac Centralny im R Reagana;50.07204933182806, 20.03730297088623;4,10,16,21,22,44;;10NE1;;
stop;Os Kolorowe;50.07226279804593, 20.02920269966126;4,10,22,44;;;;
stop;Czyzyny;50.07400492230035, 20.011371374130253;4,5,9,10,44,52;;;;
stop;Stella-Sawickiego;50.07432166536481, 20.004590749740604;4,5,9,10,44,52;;;;
stop;AWF;50.074053122466864, 19.99908685684204 ;4,5,9,10,44,52;;;;
stop;Muzeum Lotnictwa;50.07359866182874, 19.99043941497803 ;4,5,9,10,44,52;;;;
stop;TAURON Arena Krakow Wieczysta;50.07144335803224, 19.983326196670536;4,5,9,10,44,52;;;;
stop;Bialucha;50.06783490097046, 19.977929592132572;4,5,9,10,44,52;;;;
stop;Cystersow;50.06654708433686, 19.969818592071537;4,5,9,10,44,52;;;;
stop;Rondo Mogilskie;50.065803302828385, 19.959218502044678 ;4,5,9,10,14,17,19,20,44,50,52;;;;
stop;Lubicz;50.06511460596252, 19.95179414749146;2,4,10,14,20,44,52;;;;
stop;Dworzec Glowny;50.064646286445424, 19.945120811462406 ;2,3,4,10,14,20,24,44,52;;;;
stop;Stary Kleparz;50.06632670583306, 19.93906974792481;2,4,14,18,24,44;;;;
stop;Teatr Bagatela;50.06353056564423, 19.932932853698734 ;2,4,8,13,14,18,24,44;;;;
stop;Batorego;50.06685010312621, 19.92905974388123;4,8,13,14,24,44;;;;
stop;Plac Inwalidow;50.069122683025675, 19.926463365554813;4,8,13,14,24,44;;;;
stop;Urzednicza;50.071863408864075, 19.919661283493046;4,8,13,14,24,44;;;;
stop;Biprostal;50.07299270761117, 19.91555213928223;4,8,13,14,24,44;;;;
stop;Uniwersytet Pedagogiczny;50.07415640837483, 19.910391569137577 ;4,8,13,14,24,44;;;;
stop;Glowackiego;50.07607748571001, 19.905434846878055 ;4,8,13,14,24,44;;;;
path;Bronowice;J Bronowice;100;13,44;"50.077537177599446, 19.901400804519657; 50.07717225879329, 19.90134716033936";80;0.1
stop;Bronowice;50.077537177599446, 19.901400804519657 ;4,8,13,14,24,44;;;;
stop;Wesele;50.07910698531784, 19.897195100784305 ;4,8,14,24;;;;
stop;Bronowice Wiadukt;50.08144094650456, 19.889073371887207 ;4,8,14,24;;;;
loop;Bronowice Male;50.08190221742092, 19.881541728973392 ;4,8,14,24;4SW10,8NE10;;;
loop;J Bronowice;50.07717225879329, 19.90134716033936;13,44;13SW1;;;
path;Jwiadukty;Elektromontaz;100;4;"50.088345776854915, 20.0567489862442; 50.08771935770142, 20.06412506103516";80;1
path;Elektromontaz;Zajezdnia Nowa Huta;100;4;"50.08771935770142, 20.06412506103516; 50.08768493882933, 20.06511211395264; 50.08352007286301, 20.065573453903202";80;2
path;Zajezdnia Nowa Huta;J Kombinat;100;4;"50.08352007286301, 20.065573453903202; 50.08131702221842, 20.065825581550598 ";80;1
path;J Kombinat;Kombinat;100;4,22;"50.08131702221842, 20.065825581550598; 50.0792171453329, 20.06589531898499";80;1
path;Kombinat;Struga;100;4,21,22,44;"50.0792171453329, 20.06589531898499; 50.07909321529815, 20.063009262084964; 50.07475546225382, 20.04686236381531";80;2.5
path;Struga;Plac Centralny im R Reagana;100;4,21,22,44;"50.07475546225382, 20.04686236381531; 50.07204933182806, 20.03730297088623";80;3.5
path;Plac Centralny im R Reagana;Os Kolorowe;100;4,10,22,44;"50.07204933182806, 20.03730297088623; 50.071656826947546, 20.036015510559086; 50.07226279804593, 20.02920269966126";80;1
path;Os Kolorowe;Rondo Czyzynskie;100;4,10,22,44;"50.07226279804593, 20.02920269966126; 50.073405859044655, 20.017486810684208";80;3.5
path;Rondo Czyzynskie;Czyzyny;100;4,5,9!,10,44,52!;"50.073405859044655, 20.017486810684208; 50.07400492230035, 20.011371374130253";80;1
path;Czyzyny;Stella-Sawickiego;100;4,5,9!,10,44,52!;"50.07400492230035, 20.011371374130253; 50.07432166536481, 20.004590749740604";80;1
path;Stella-Sawickiego;AWF;100;4,5,9!,10,44,52!;"50.07432166536481, 20.004590749740604; 50.074053122466864, 19.999043941497806";80;1
path;AWF;Muzeum Lotnictwa;100;4,5,9!,10,44,52!;"50.074053122466864, 19.99908685684204; 50.07359866182874, 19.99043941497803";80;1
path;Muzeum Lotnictwa;TAURON Arena Krakow Wieczysta;100;4,5,9!,10,44,52!;"50.07359866182874, 19.99043941497803; 50.07317174033607, 19.986019134521488; 50.07144335803224, 19.983326196670536";80;1.5
path;TAURON Arena Krakow Wieczysta;Bialucha;100;4,5,9!,10,44,52!;"50.07144335803224, 19.983326196670536; 50.06783490097046, 19.977929592132572";80;1
path;Bialucha;Cystersow;100;4,5,9!,10,44,52!;"50.06783490097046, 19.977929592132572; 50.0668363295864, 19.975032806396488; 50.06654708433686, 19.969818592071537";80;2
path;Cystersow;Rondo Mogilskie;100;4,5,9!,10,44,52!;"50.06654708433686, 19.969818592071537; 50.06658840519359, 19.964947700500492; 50.065803302828385, 19.959218502044678";80;2.5
path;Rondo Mogilskie;Lubicz;100;4,10,14!,20!,44,52!;"50.065803302828385, 19.959218502044678; 50.06511460596252, 19.95179414749146";80;1
path;Lubicz;Dworzec Glowny;100;2,4,10,14!,20!,44,52!;"50.06511460596252, 19.95179414749146; 50.064646286445424, 19.945120811462406";80;2
path;Dworzec Glowny;Stary Kleparz;100;2,4,14!,20!,24,44;"50.064646286445424, 19.945120811462406; 50.06632670583306, 19.93906974792481";80;2
path;Stary Kleparz;Teatr Bagatela;100;2,4,14!,18!,20!,24,44;"50.06632670583306, 19.93906974792481; 50.066230289919254, 19.935979843139652; 50.06353056564423, 19.932932853698734";80;2
path;Teatr Bagatela;Batorego;100;4,8!,13,14!,24,44;"50.06353056564423, 19.932932853698734; 50.06685010312621, 19.92905974388123";80;1
path;Batorego;Plac Inwalidow;100;4,8!,13,14!,24,44;"50.06685010312621, 19.92905974388123; 50.069122683025675, 19.926463365554813";80;2
path;Plac Inwalidow;Urzednicza;100;4,8!,13,14!,24,44;"50.069122683025675, 19.926463365554813; 50.071863408864075, 19.919661283493046";80;2
path;Urzednicza;Biprostal;100;4,8!,13,14!,24,44;"50.071863408864075, 19.919661283493046; 50.07299270761117, 19.91555213928223";80;1
path;Biprostal;Uniwersytet Pedagogiczny;100;4,8!,13,14!,24,44;"50.07299270761117, 19.91555213928223; 50.07415640837483, 19.910391569137577";80;1
path;Uniwersytet Pedagogiczny;Glowackiego;100;4,8!,13,14!,24,44;"50.07415640837483, 19.910391569137577; 50.07607748571001, 19.905434846878055";80;1
path;Glowackiego;Bronowice;100;4,8!,13,14!,24,44;"50.07607748571001, 19.905434846878055; 50.077537177599446, 19.901400804519657";80;2
path;Bronowice;Wesele;100;4,8!,14!,24;"50.077537177599446, 19.901400804519657; 50.07910698531784, 19.897195100784305";80;1
path;Wesele;Bronowice Wiadukt;100;4,8!,14!,24;"50.07910698531784, 19.897195100784305; 50.08144094650456, 19.889073371887207";80;1
path;Bronowice Wiadukt;Bronowice Male;100;4,8!,14!,24;"50.08144094650456, 19.889073371887207; 50.08190221742092, 19.881541728973392 ";80;1
loop;Cichy Kacik;50.06280739941179, 19.902924299240116;20;;;;
stop;Reymana;50.06137480935237, 19.910874366760257;20;;;;
stop;Park Jordana;50.060286563311244, 19.917901754379276;20;;;;
stop;Oleandry;50.05986641108259, 19.9207878112793;20;;;;
stop;Muzeum Narodowe;50.05940492816491, 19.924918413162235;20;;;;
stop;Uniwersytet Jagiellonski;50.060341664969954, 19.931151866912845;20;;;;
junction;J Uniwersytet Jagiellonski;50.06052763260081, 19.932353496551517;2,8,13,18,20;;;;
path;Filharmonia;J Uniwersytet Jagiellonski;100;!2,8!,13,18;"50.05884012213499, 19.933372735977176; 50.06052763260081, 19.932353496551517";80;1
path;J Uniwersytet Jagiellonski;Teatr Bagatela;100;!2,8!,13,18,20;"50.06052763260081, 19.932353496551517; 50.061925810592065, 19.93175268173218; 50.062648990114795, 19.93201017379761; 50.06353056564423, 19.932932853698734";80;1
loop;Krowodrza Gorka;50.08884484119969, 19.931441545486454;3,5,18,50;3SW9,5NE10;;;
stop;Bratyslawska;50.084132778328055, 19.93381261825562;3,5,18,50;;;;
stop;Szpital Narutowicza;50.08062166333753, 19.93803977966309;3,5,18,50;;;;
path;Dworzec Towarowy;J Dworzec Towarowy;100;17,19!;"50.07585715099861, 19.939906597137455; 50.07565058628708, 19.940807819366455";80;
loop;J Dworzec Towarowy;50.075719441289785, 19.940164089202884;17,19;;;17SW1;
stop;Dworzec Towarowy;50.075719441289785, 19.940164089202884;3,5,17,18,19,50;;;;
stop;Politechnika;50.0708167179855, 19.94501352310181;5,17,19,50;;;;
stop;Dworzec Glowny Tunel;50.06817234453136, 19.9478030204773;5,17,19,50;;;;
path;Bratyslawska;Krowodrza Gorka;100;3,5,18,50;"50.084187852592976, 19.933834075886807; 50.0867487360286, 19.93284702296933; 50.08853851956265, 19.931988716084565; 50.0888964682491, 19.93130207057675";80;1
path;Szpital Narutowicza;Bratyslawska;100;3,5,18,50;"50.08165437091312, 19.935679435729984; 50.08190221742092, 19.935421943664554; 50.084215389701704, 19.93374824523926";80;1
path;Dworzec Towarowy;Szpital Narutowicza;100;3,5,18,50;"50.07570567029717, 19.940357208251957; 50.07741324322202, 19.937953948974613; 50.07799160090913, 19.93773937225342; 50.078459790117314, 19.937953948974613; 50.07950631416819, 19.939241409301758; 50.08011218607217, 19.939327239990234; 50.080910823701196, 19.937438964843754";80;2
path;Politechnika;Dworzec Towarowy;100;3,5,17,19!,50;"50.070871807548656, 19.94490623474121; 50.07208376192748, 19.944863319396976; 50.07296516405569, 19.945185184478763; 50.07448003611247, 19.944369792938236; 50.075719441289785, 19.94125843048096; 50.075691899300566, 19.94024991989136";80;2
path;Dworzec Glowny Tunel;Politechnika;100;5,17,19!,50;"50.06821366398788, 19.94773864746094; 50.06822743713216, 19.9462366104126; 50.068557991408085, 19.945378303527836; 50.07089935230651, 19.94490623474121";80;1
path;Rondo Mogilskie;Dworzec Glowny Tunel;100;5,17,19!,50;"50.06561046870271, 19.95900392532349; 50.06687765019396, 19.95797395706177; 50.0681447982072, 19.951579570770267; 50.06822743713216, 19.9476957321167; 50.06826875654125, 19.947631359100345";80;1.5
stop;Dworzec Glowny Zachod;50.06795197349523, 19.94550704956055;3;;;;
path;Politechnika;Dworzec Glowny Zachod;100;3!;"50.0708167179855, 19.94501352310181; 50.06795197349523, 19.94550704956055";80;1
path;Dworzec Glowny Zachod;Dworzec Glowny;100;3!;"50.06795197349523, 19.94550704956055; 50.064646286445424, 19.945120811462406";80;2
stop;Nowy Kleparz;50.073529803780545, 19.936580657958988;18;;;;
stop;Pedzichow;50.0696735952694, 19.93754625320435;18;;;;
path;Dworzec Towarowy;Nowy Kleparz;100;18!;"50.075719441289785, 19.940164089202884; 50.074962030821574, 19.939649105072025; 50.0736124334265, 19.937825202941898; 50.073529803780545, 19.936580657958988";80;
path;Nowy Kleparz;Pedzichow;100;18!;"50.073529803780545, 19.936580657958988; 50.073529803780545, 19.9358081817627; 50.07244183349593, 19.935829639434814; 50.07099575883437, 19.93632316589356; 50.0696735952694, 19.93754625320435 ";80;
path;Pedzichow;Stary Kleparz;100;18!;"50.0696735952694, 19.93754625320435; 50.06890231635621, 19.93825435638428; 50.067001611803015, 19.93881225585938; 50.06632670583306, 19.93906974792481";80;
loop;Cmentarz Rakowicki;50.07410820831213, 19.957137107849125;2;2NE5;;;
stop;Rakowicka;50.070802945584816, 19.95454072952271;2;;;;
stop;Uniwersytet Ekonomiczny;50.067965746714655, 19.952448606491092;2;;;;
path;Cmentarz Rakowicki;Rakowicka;100;2;"50.07410820831213, 19.957137107849125; 50.070802945584816, 19.95454072952271";80;1
path;Rakowicka;Uniwersytet Ekonomiczny;100;2;"50.070802945584816, 19.95454072952271; 50.067965746714655, 19.952448606491092";80;1
path;Uniwersytet Ekonomiczny;Lubicz;100;2;"50.067965746714655, 19.952448606491092; 50.06511460596252, 19.95179414749146";80;1
loop;Walcownia;50.08981886215838, 20.083748102188114;22;;;22NE1;
loop;Borek Falecki;50.01315837770375, 19.9267852306366;8,12,19,22;8SW10;;8SW1,19SW1;
loop;Czerwone Maki;50.01810490905278, 19.889175295829777;11,18,23,52;11NE10;;18NE1;
loop;Maly Plaszow;50.03992216817917, 20.000819563865665;11,12,20;11SW10;;11SW1,12SW1,20SW1;
loop;Nowy Biezanow;50.01550933623887, 20.023097991943363;3,9,13,23;3NE9,9NE10;;3NE1,13NE1,23NE1;13NE1
loop;Kurdwanow;50.01365133015257, 19.94873642921448;6,24,50;6NE10;;6NE1,24NE1,50NE1;
loop;Pleszow;50.07286876148699, 20.117661952972416;10,21;;;;
loop;Os Piastow;50.10222127060474, 20.011886358261112;21,52;;;52SW1;
loop;Mistrzejowice;50.09490547680913, 19.995868206024173;9,14,16;9SW10;;9SW1,14SW1;
stop;Agencja Krakow Wschod;50.087788195371466, 20.07957994937897;22;;;;
stop;Blokowa;50.085344397538876, 20.07439255714417;22;;;;
stop;Mrozowa;50.084088030441215, 20.071731805801395;22;;;;
stop;Orzeszkowej;50.05058768558568, 19.93844747543335;12,18,22,52;;;;
stop;Centrum Kongresowe ICE;50.04892393821023, 19.932090640068058;12,18,22,52;;;;
stop;Szwedzka;50.046757191084794, 19.925465583801273;12,18,22,52;;;;
stop;Kapelanka;50.045031301847374, 19.92201626300812;12,18,22,52;;;;
stop;Slomiana;50.04116591161279, 19.92430686950684;12,18,22,52;;;;
stop;Kobierzynska;50.0345264981143, 19.92598056793213;12,18,22,52;;;;
stop;j Lipinskiego;50.03077053332588, 19.926216602325443;12,18,22,52;;;;
stop;Borsucza;50.030536206521276, 19.928770065307617;11,12,22,23;;;;
stop;Brozka;50.03051897656408, 19.93178486824036;11,12,22,23;;;;
stop;Lagiewniki;50.02974362209082, 19.936172962188724;11,12,22,23;;;;
stop;Lagiewniki ZUS;50.024574272365925, 19.933946728706363;8,12,19,22;;;;
stop;Sanktuarium Bozego Milosierdzia;50.02230302881289, 19.932712912559513;8,12,19,22;;;;
stop;Solvay;50.01612635761958, 19.929547905921936;8,12,19,22;;;;
stop;Borek Falecki I;50.014588960014294, 19.927804470062256;8,12,19,22;;;;
stop;Chmieleniec;50.020583153829214, 19.897801280021667;11,18,23,52;;;;
stop;Kampus UJ;50.02437093323794, 19.901744127273563;11,18,23,52;;;;
stop;Ruczaj;50.02712800066467, 19.905670881271366;11,18,23,52;;;;
stop;Norymberska;50.030008967030575, 19.912751913070682;11,18,23,52;;;;
stop;Grota-Roweckiego;50.03173884226156, 19.920669794082645;11,18,23,52;;;;
stop;Lipinskiego;50.03074641150173, 19.924988150596622;11,18,23,52;;;;
stop;Rzemieslnicza;50.03325846211648, 19.93851184844971;8,10,11,19,23;;;;
stop;Rondo Matecznego;50.036325122175604, 19.940657615661625;8,10,11,19,23;;;;
stop;Smolki;50.04153454959779, 19.9431574344635;8,10,11,19,23;;;;
stop;Korona;50.04384966923681, 19.946998357772827;8,10,11,19,23;;;;
stop;Limanowskiego;50.045203549069875, 19.955463409423828;6,11,13,19,23;;;;
stop;Podgorze SKA;50.042103004493725, 19.961101412773136;3,6,11,13,23,24;;;;
stop;Cmentarz Podgorski;50.03891267959776, 19.964641928672794;3,6,11,13,23,24;;;;
stop;Dworcowa;50.033113738487785, 19.970784187316898;3,6,11,13,23,24;;;;
junction;j Dworcowa;50.03128742664619, 19.97271537780762;3,6,11,13,23,24;;;;
stop;Dworzec Plaszow Estekada;50.03348588408027, 19.977033734321598;9,11,50;;;;
stop;Lipska;50.04066290568365, 19.98300433158875;9,11,50;;;;
stop;Rzebika;50.04052509492028, 19.99167859554291;11,12,20;;;;
stop;Cwiklinskiej;50.01600571160407, 20.019605755805973;3,9,13,23;;;;
stop;Nowy Prokocim;50.016229768248934, 20.012750029563907;3,9,13,23;;;;
stop;Teligi;50.01656412776064, 20.00742316246033;3,9,13,23;;;;
stop;Prokocim Szpital;50.01436144856717, 19.9997091293335;3,9,13,23;;;;
stop;Prokocim;50.0176085553736, 19.991024136543277;3,9,13,23;;;;
stop;Wlotowa;50.01946640844616, 19.98793959617615;3,9,13,23;;;;
stop;Biezanowska;50.02415380745612, 19.97993052005768;3,9,13,23;;;;
stop;Kabel;50.02687642482346, 19.97693717479706;3,6,9,13,23,24,50;;;;
stop;Plac Wolnica;50.04804553900298, 19.943457841873172;6,8,10,13;;;;
stop;Wawel;50.0543799873099, 19.93948817253113;6,8,10,13,18;;;;
stop;Witosa;50.01239308486205, 19.956251978874207;6,24,50;;;;
stop;nowosadecka;50.01346518087105, 19.964695572853092;6,24,50;;;;
stop;Piaski Nowe;50.01546797139365, 19.971578121185306;6,24,50;;;;
stop;Dauna;50.0184151274984, 19.977559447288517;6,24,50;;;;
stop;Gromadzka;50.040635343562634, 19.978106617927555;9,12,20,50;;;;
stop;Kuklinskiego;50.04456278627499, 19.973573684692386;9,12,20,50;;;;
stop;Klimeckiego;50.04899283158579, 19.967576265335087;9,12,20,50;;;;
stop;Zablocie;50.049798876732574, 19.964695572853092;9,12,20,50;;;;
stop;Plac Bohaterow Getta;50.04668484966822, 19.955028891563416;3,9,19,24;;;;
stop;Sw Wawrzynca;50.05112847717694, 19.951091408729557;3,9,19,24;;;;
stop;Miodowa;50.053456911489285, 19.948591589927677;3,9,19,24;;;;
stop;Koksochemia;50.071767004080456, 20.104422569274906;10,21;;;;
stop;Meksyk;50.069880185729254, 20.094981193542484;10,21;;;;
stop;Brama nr 5;50.06954964056632, 20.092427730560306;10,21;;;;
stop;Jezynowa;50.06457741554257, 20.08463859558106;10,21;;;;
stop;Brama nr 4;50.06493554315766, 20.07487535476685;10,21;;;;
stop;Fort Mogila;50.066340479519226, 20.071184635162357;10,21;;;;
stop;Kopiec Wandy;50.0685235587773, 20.06931781768799;10,21;;;;
stop;Bardosa;50.06784867422348, 20.065670013427738;10,16;;;;
stop;Suche Stawy;50.06749745503539, 20.05908250808716;10,16;;;;
stop;Klasztorna;50.06854421835875, 20.052537918090824;10,16;;;;
stop;OsNa Skarpie;50.06977689061057, 20.045810937881473;10,16;;;;
stop;Kopiec Wandy NZ;50.0696667089054, 20.066968202590946;21;;;;
stop;OsZgody;50.076724713069254, 20.031112432479862;16,21;;;;
stop;DH Wanda;50.08508280052898, 20.019353628158573;9,14,16,21,52;;;;
stop;Rondo Hipokratesa;50.090486554135296, 20.02140283584595;9,14,16,21,52;;;;
stop;Dunikowskiego;50.092327821438246, 20.015807747840885;9,14,16,21,52;;;;
stop;Rondo Piastowskie;50.094640490595616, 20.01244425773621;9,14,16,21,52;;;;
stop;Kleeberga;50.095769252863285, 20.0126588344574;21,52;;;;
stop;Piasta Kolodzieja;50.09817466666288, 20.013045072555542;21,52;;;;
stop;OsZlotego Wieku ;50.093742279670906, 20.004376173019413;9,14,16;;;;
stop;Misnienska;50.09449939344247, 19.99992370605469;9,14,16;;9SW1,9NE1;;
stop;Stradom;50.05180704144455, 19.941666126251224;6,8,10,13,17,18,22,52;;;;
path;Walcownia;Agencja Krakow Wschod;100;22;"50.08981197868749, 20.083748102188114; 50.08963989159396, 20.083512067794803; 50.08776754408084, 20.07957458496094";80;
path;Agencja Krakow Wschod;Blokowa;100;22;"50.08777442784538, 20.07956385612488; 50.08670743254266, 20.07725715637207; 50.085344397538876, 20.07438182830811";80;
path;Blokowa;Mrozowa;100;22;"50.085344397538876, 20.074403285980228; 50.084711054953665, 20.073051452636722; 50.084098356880354, 20.071726441383365";80;
path;Starowislna;Stradom;100;12!,17!,22,52!;"50.056835695848285, 19.94524955749512; 50.05182081929983, 19.941644668579105";80;1
path;Mrozowa;J Kombinat;100;22;"50.084098356880354, 20.071742534637455; 50.08234283027086, 20.067976713180546; 50.08162683233315, 20.066421031951908; 50.08148225452877, 20.0661313533783; 50.08135144566338, 20.06590604782105; 50.08113113518852, 20.065755844116214";80;
path;Stradom;Orzeszkowej;100;12!,17!,18!,22,52!;"50.05177604125571, 19.941644668579105; 50.05127659100825, 19.9409955739975; 50.05106992041985, 19.940711259841922; 50.05095625121685, 19.94052350521088; 50.050856359876825, 19.9402391910553; 50.050821914538936, 19.940110445022583; 50.05058424103372, 19.93844747543335";80;1.5
path;Orzeszkowej;Centrum Kongresowe ICE;100;12!,17!,18!,22,52!;"50.05059457468885, 19.938458204269413; 50.05043612506558, 19.937412142753605; 50.05033623264289, 19.93676841259003; 50.050232895435116, 19.9363124370575; 50.05003655412729, 19.935598969459537; 50.0492167343734, 19.93295431137085; 50.04892738288135, 19.93205845355988";80;1
path;Centrum Kongresowe ICE;Szwedzka;100;12!,17!,18!,22,52!;"50.04893082755222, 19.932101368904117; 50.04808687579673, 19.92952644824982; 50.04712923093337, 19.926592111587524; 50.04675030143075, 19.92545485496521";80;1.5
path;Szwedzka;Kapelanka;100;12!,17!,18!,22,52!;"50.046757191084794, 19.92545485496521; 50.04631969609194, 19.924113750457767; 50.04590975621993, 19.922885298728946; 50.04574095643146, 19.922381043434147; 50.045672058388014, 19.922187924385074; 50.04561693988206, 19.922091364860538; 50.04555493148721, 19.92202162742615; 50.045496367929616, 19.92196798324585; 50.04542057969019, 19.921935796737674; 50.04534823625912, 19.921898245811466; 50.04527589271901, 19.921898245811466; 50.045217328820996, 19.921908974647526; 50.04515531990988, 19.921941161155704; 50.045107090701435, 19.921978712081913; 50.045045081647906, 19.92201089859009";80;1
path;Kapelanka;Slomiana;100;12!,17!,18!,22,52!;"50.04502785689659, 19.92201089859009; 50.044821159398865, 19.922139644622803; 50.04463513088985, 19.922246932983402; 50.044469771609926, 19.9223005771637; 50.04432508177272, 19.922354221343998; 50.04402192069958, 19.92251515388489; 50.04227181707558, 19.92357730865479; 50.04115557592757, 19.92429614067078";80;1.5
path;Slomiana;Kobierzynska;100;12!,17!,18!,22,52!;"50.04115557592757, 19.92430686950684; 50.04067324147497, 19.924612641334537; 50.04046997050416, 19.924741387367252; 50.04021157395988, 19.924848675727848; 50.03963965132947, 19.92518663406372; 50.03910217565962, 19.92550849914551; 50.03910217565962, 19.92550849914551; 50.038581921043146, 19.925739169120792; 50.038406204634164, 19.92576599121094; 50.038034097174624, 19.925798177719116; 50.03754484038537, 19.92580890655518; 50.03553263328674, 19.925894737243656; 50.034533389522814, 19.925948381423954";80;1.5
path;Kobierzynska;j Lipinskiego;100;12!,17!,18!,22,52!;"50.034471366810685, 19.925937652587894; 50.03321711255277, 19.92600202560425; 50.031783638999585, 19.926109313964847; 50.030763641377355, 19.92623805999756";80;1.5
path;j Lipinskiego;Borsucza;100;11,12!,22,23!;"50.030756749427844, 19.926227331161503; 50.030570666417205, 19.92706418037415; 50.03054999048264, 19.92776155471802; 50.030536206521276, 19.92831945419312; 50.030529314539145, 19.92881298065186";80;0.5
path;Borsucza;Brozka;100;11,12!,22,23!;"50.030536206521276, 19.928770065307617; 50.03054999048264, 19.92878079414368; 50.03053276053035, 19.929628372192386; 50.030508638586745, 19.929960966110233; 50.030505192593836, 19.930234551429752; 50.030522422556, 19.9307656288147; 50.03051208457943, 19.93179023265839";80;1
path;Brozka;Lagiewniki;100;11,12!,22,23!;"50.03051553057188, 19.93180096149445; 50.03051897656408, 19.932133555412296; 50.030508638586745, 19.932364225387577; 50.030484516631056, 19.932600259780887; 50.03046039466325, 19.932841658592228; 50.03042938068683, 19.93305623531342; 50.030377690681625, 19.93324935436249; 50.03033978464244, 19.933469295501713; 50.03024329640771, 19.933732151985172; 50.03017437612137, 19.933941364288334; 50.03010200971424, 19.934161305427555; 50.02983321924741, 19.934923052787784; 50.02974362209082, 19.93576526641846; 50.029750514185714, 19.936194419860843";80;1
path;Lagiewniki;Lagiewniki ZUS;100;8,12!,19,22;"50.029747068138384, 19.936205148696903; 50.02921637389883, 19.93632316589356; 50.02854438251924, 19.935979843139652; 50.02832727560246, 19.935872554779056; 50.02806536753963, 19.93576526641846; 50.027613917394554, 19.93552386760712; 50.02723483384248, 19.935336112976078; 50.026814392221745, 19.935110807418827; 50.026149259846285, 19.93476212024689; 50.02591146417128, 19.934644103050235; 50.025635757567095, 19.9344938993454; 50.02527044387894, 19.93430614471436; 50.02494303774097, 19.934134483337406; 50.024750039393126, 19.93403792381287; 50.02458116520263, 19.933941364288334";80;0.3
path;Lagiewniki ZUS;Sanktuarium Bozego Milosierdzia;100;8,12!,19,22;"50.02457771878439, 19.933946728706363; 50.02315432691466, 19.933190345764164; 50.02230302881289, 19.932707548141483";80;0.3
path;Sanktuarium Bozego Milosierdzia;Solvay;100;8,12!,19,22;"50.02230302881289, 19.932712912559513; 50.02180327188748, 19.932460784912113; 50.02165851373804, 19.932417869567875; 50.02130695641622, 19.932214021682743; 50.0188666641008, 19.930990934371952; 50.01728109701402, 19.93016481399536; 50.01613669869253, 19.929558634757996";80;1
path;Solvay;Borek Falecki I;100;8,12!,19,22;"50.016350413701886, 19.929671287536625; 50.01557827756847, 19.92924749851227; 50.01468892682466, 19.92880761623383; 50.014509675844394, 19.92852866649628; 50.01448899299594, 19.928340911865238; 50.01450622870358, 19.928131699562076; 50.01454414723869, 19.927970767021183; 50.01458551287918, 19.927804470062256";80;1
path;Borek Falecki I;Borek Falecki;100;8,12!,19,22;"50.01458551287918, 19.927804470062256; 50.01463377274809, 19.927600622177128; 50.01465790266438, 19.927445054054264; 50.01468547969672, 19.927241206169132; 50.0146613497943, 19.926972985267643; 50.01459585428375, 19.92680668830872; 50.014520017265276, 19.926683306694034; 50.01440970866111, 19.92656528949738; 50.01426148107551, 19.926479458808902; 50.0141718548717, 19.92640972137451; 50.01397881324956, 19.926345348358158; 50.0137926652366, 19.926345348358158; 50.01353757234398, 19.926463365554813; 50.01333763372479, 19.926581382751465; 50.01315837770375, 19.9267852306366";80;0.1
path;Czerwone Maki;Chmieleniec;100;11,17,18,23!,52;"50.01810490905278, 19.889169931411747; 50.0180049493492, 19.890897274017338; 50.01817384665826, 19.892393946647648; 50.0184461492328, 19.894641637802128; 50.018518533201814, 19.89507615566254; 50.01875291863897, 19.89558577537537; 50.018963175190564, 19.89583253860474; 50.01990070140193, 19.896937608718876; 50.02059004723863, 19.89778518676758";80;0.1
path;Chmieleniec;Kampus UJ;100;11,17,18,23!,52;"50.02057970712414, 19.89779055118561; 50.02157579459964, 19.898992180824283; 50.02286481832191, 19.900510311126713; 50.02311296865109, 19.900773167610172; 50.02334388516707, 19.900977015495304; 50.02437093323794, 19.901738762855533";80;1
path;Kampus UJ;Ruczaj;100;11,17,18,23!,52;"50.02436748680464, 19.901744127273563; 50.02508433961108, 19.902237653732303; 50.025322139380904, 19.902420043945312; 50.02547377919913, 19.90257561206818; 50.025611633163926, 19.902709722518924; 50.02576671840139, 19.902892112731937; 50.02591491049382, 19.90309596061707; 50.0260596558171, 19.90330517292023; 50.026187169192916, 19.90354120731354; 50.026321574817196, 19.903804063797; 50.026504228011405, 19.904206395149235; 50.026704111843095, 19.904683828353882; 50.027131446899915, 19.905660152435306";80;1
path;Ruczaj;Norymberska;100;11,17,18,23!,52;"50.027131446899915, 19.905676245689396; 50.02806192137141, 19.907913208007812; 50.02885108744348, 19.909881949424747; 50.03000207497277, 19.912741184234623";80;1.5
path;Norymberska;Grota-Roweckiego;100;11,17,18,23!,52;"50.03000207497277, 19.912746548652652; 50.030505192593836, 19.91401255130768; 50.03113925112987, 19.91554141044617; 50.031349453470746, 19.916110038757328; 50.03185600287276, 19.91754233837128; 50.031983500860136, 19.917885661125187; 50.032038635020115, 19.918137788772587; 50.0320937691168, 19.918406009674076; 50.03209721499574, 19.91876006126404; 50.03202485148607, 19.919473528862003; 50.03192836663687, 19.919870495796204; 50.03174228816597, 19.920664429664615";80;1.5
path;Grota-Roweckiego;Lipinskiego;100;11,17,18,23!,52;"50.031735396356915, 19.920659065246582; 50.03145627725862, 19.921785593032837; 50.031270196958474, 19.922493696212772; 50.03112546733767, 19.92301940917969; 50.03104965640984, 19.923346638679508; 50.03096350748293, 19.923738241195682; 50.03078776319285, 19.924757480621338; 50.03075330345275, 19.924982786178592";80;0.5
path;Lipinskiego;j Lipinskiego;100;11,17,18,23!,52;"50.03074985747734, 19.924977421760563; 50.03064647810118, 19.92582499980927; 50.03074641150173, 19.92629706859589";80;0.5
loop;L Lagiewniki;50.029826327164365, 19.93623733520508;10;10SW10;;;
path;Lagiewniki;L Lagiewniki;100;10;"50.02975740627963, 19.93632316589356; 50.029702269500646, 19.93623733520508";80;
path;Rzemieslnicza;Lagiewniki;100;8,10,11!,19,23;"50.03325846211648, 19.93851184844971; 50.03039147468846, 19.936902523040775; 50.02948172175162, 19.93632316589356";80;0.1
path;Rondo Matecznego;Rzemieslnicza;100;8,10,11!,19,23;"50.03615284309502, 19.940464496612552; 50.03529832971874, 19.93954181671143; 50.03320332935696, 19.938468933105472";80;1
path;Smolki;Rondo Matecznego;100;8,10,11!,19,23;"50.04156900160128, 19.943211078643802; 50.03754484038537, 19.94089365005493; 50.036359577917544, 19.940571784973148";80;1
path;Korona;Smolki;100;8,10,11!,19,23;"50.04384277916546, 19.94698762893677; 50.04188595887331, 19.94327545166016; 50.04156900160128, 19.94316816329956";80;2
path;Korona;Limanowskiego;100;!6,11,13!,19!,23!;"50.04384277916546, 19.94700908660889; 50.04439398174961, 19.948178529739383; 50.0448624989696, 19.949353337287903; 50.04491072842383, 19.9495142698288; 50.044934843132765, 19.949659109115604; 50.04495206791744, 19.949862957000736; 50.04495551287364, 19.950098991394047; 50.04500029728168, 19.95172441005707; 50.04500029728168, 19.95172441005707; 50.04507608618467, 19.95389699935913; 50.04512087048022, 19.954320788383487; 50.04515187496803, 19.954690933227543; 50.045203549069875, 19.955468773841858";80;2.5
path;Limanowskiego;Podgorze SKA;100;!3,6!,11,13!,23!,24!;"50.045203549069875, 19.955463409423828; 50.044852164080254, 19.95622515678406; 50.043446598398546, 19.959588646888736; 50.04335702664153, 19.95976567268372; 50.0432467842496, 19.959905147552494; 50.04310209072595, 19.960060715675358; 50.042103004493725, 19.961096048355106";80;1.5
path;Podgorze SKA;Cmentarz Podgorski;100;!3,6!,11,13!,23!,24!;"50.042103004493725, 19.961096048355106; 50.04139329612499, 19.961873888969425; 50.03992561349635, 19.963359832763675; 50.03950528297611, 19.964051842689518; 50.03890578881778, 19.964641928672794";80;1
path;Cmentarz Podgorski;Dworcowa;100;!3,6!,11,13!,23!,24!;"50.03890234342742, 19.964641928672794; 50.03393727903003, 19.96972739696503; 50.03367195579498, 19.970054626464847; 50.033113738487785, 19.97077345848084";80;2
path;Dworcowa;j Dworcowa;100;!3,6!,11,13!,23!,24!;"50.03310684687554, 19.97077345848084; 50.032445247495104, 19.971256256103516; 50.03191458307117, 19.971803426742557; 50.03128742664619, 19.9727475643158";80;0.5
path;j Dworcowa;Dworzec Plaszow Estekada;100;9,11,50;"50.03127364289652, 19.9727475643158; 50.03213511964777, 19.974603652954105; 50.03254173130579, 19.97545123100281; 50.03285874817607, 19.97599840164185; 50.03346520940078, 19.977071285247806";80;0.5
path;Dworzec Plaszow Estekada;Lipska;100;9,11,50;"50.03347899252143, 19.977060556411747; 50.03502267699852, 19.97948527336121; 50.036580094080456, 19.98221039772034; 50.0368006092306, 19.982521533966068; 50.03704868756394, 19.98275756835938; 50.03771022351981, 19.982950687408447; 50.03973612068459, 19.98297214508057; 50.04059744562038, 19.98299360275269";80;1.5
path;Lipska;Rzebika;100;11,12,20;"50.040666350947674, 19.98300969600678; 50.04067324147497, 19.984597563743595; 50.04063878882862, 19.985885024070743; 50.04053198546785, 19.99167859554291";80;1.5
path;Rzebika;Maly Plaszow;100;11,12,20;"50.04052854019418, 19.991662502288822; 50.04045274411117, 19.99266564846039; 50.040370057338635, 19.99344885349274; 50.040301151586085, 19.994312524795536; 50.04019090217625, 19.995374679565433; 50.03979469126989, 19.99960720539093; 50.039784355289434, 19.999827146530155; 50.03982914452199, 19.999998807907108; 50.03992216817917, 20.000808835029606";80;1.5
path;Nowy Biezanow;Cwiklinskiej;100;3,9,13,23;"50.01555414811438, 20.02295851707459; 50.015550701048504, 20.022110939025882; 50.01585404189763, 20.02040505409241; 50.01600226457061, 20.019611120224003";80;0.2
path;Cwiklinskiej;Nowy Prokocim;100;3,9,13,23;"50.0159988175369, 20.019616484642032; 50.016295261532406, 20.018114447593693; 50.016488293848596, 20.017229318618774; 50.01652276382347, 20.016971826553345; 50.01656757475379, 20.016751885414127; 50.01659170369899, 20.016601681709293; 50.01663996155301, 20.016333460807804; 50.01666753744784, 20.01591503620148; 50.01666409046183, 20.015657544136047; 50.01663996155301, 20.015351772308353; 50.01660549166223, 20.015083551406864; 50.01622632123155, 20.012739300727848";80;2
path;Nowy Prokocim;Teligi;100;3,9,13,23;"50.016240109299616, 20.012755393981937; 50.01611946356973, 20.011875629425052; 50.01609878141418, 20.01140356063843; 50.01612635761958, 20.01034140586853; 50.01656412776064, 20.0074177980423";80;1
path;Teligi;Prokocim Szpital;100;3,9,13,23;"50.01658480971589, 20.00742316246033; 50.01673992409642, 20.00643074512482; 50.01682954551029, 20.005717277526855; 50.0168398864319, 20.005148649215702; 50.016815757611354, 20.004880428314213; 50.01675715899671, 20.004510283470157; 50.01666409046183, 20.004107952117923; 50.01653310481108, 20.003764629364017; 50.01643658883995, 20.003571510314945; 50.01471650383922, 20.00045478343964; 50.01434421280757, 19.99961256980896";80;2
path;Prokocim Szpital;Prokocim;100;3,9,13,23;"50.01435110711215, 19.999585747718815; 50.01463377274809, 19.998003244400028; 50.015019849954555, 19.996865987777714; 50.016195298063884, 19.99347567558289; 50.01645382384902, 19.992976784706116; 50.01655378677969, 19.992772936820987; 50.017046704396726, 19.991914629936222; 50.0176085553736, 19.991013407707218";80;2
path;Prokocim;Wlotowa;100;3,9,13,23;"50.01760510845509, 19.991029500961307; 50.01812903722595, 19.990122914314274; 50.018628832373516, 19.989275336265568; 50.01946296166096, 19.98793423175812";80;1
path;Wlotowa;Biezanowska;100;3,9,13,23;"50.01946640844616, 19.98793423175812; 50.020500432839206, 19.986126422882084; 50.02141035589557, 19.984543919563297; 50.02141035589557, 19.984543919563297; 50.0241641468013, 19.979919791221622";80;1
path;Biezanowska;Kabel;100;3,6,9,13,23,24,50;"50.02415380745612, 19.97993052005768; 50.02414691455807, 19.97993588447571; 50.02445364756334, 19.979458451271057; 50.02455704026981, 19.979345798492435; 50.02464320068853, 19.9792492389679; 50.02555304527722, 19.978299736976627; 50.02687642482346, 19.97695326805115";80;1
path;Kabel;j Dworcowa;100;3,6,9,13,23,24,50;"50.02687987107677, 19.97694253921509; 50.029305972039026, 19.9744588136673; 50.030536206521276, 19.97320890426636; 50.03121161597403, 19.972806572914127";80;0.5
path;Plac Wolnica;Korona;100;!6,8,10,13!;"50.048114433639434, 19.943382740020756; 50.04672274280479, 19.943897724151615; 50.0458959766676, 19.944584369659427; 50.04497273765089, 19.94548559188843; 50.04462824093124, 19.945871829986572; 50.0438565593072, 19.947073459625248";80;1
path;Stradom;Plac Wolnica;100;!6,8,10,13!;"50.051586595222005, 19.941902160644535; 50.05129725801815, 19.9422025680542; 50.0480593179382, 19.943468570709232";80;2
path;Wawel;Stradom;100;!6,8,10,13!,18!;"50.05443854002794, 19.939498901367188; 50.05413544283268, 19.939155578613285; 50.052482151701604, 19.940679073333744; 50.051696818459874, 19.94173049926758";80;2
stop;SwGertrudy;50.058516388851764, 19.940829277038578;6,8,10,13,18;;;;
path;J Poczta Glowna;SwGertrudy;100;!6,8,10,13!,18!;"50.05896066056533, 19.941113591194156; 50.05846128509664, 19.940845370292667";80;0.5
path;SwGertrudy;Wawel;100;!6,8,10,13!,18!;"50.05846817306949, 19.940861463546756; 50.05656016678816, 19.940367937088013; 50.05470030424677, 19.939906597137455; 50.05438343158938, 19.939498901367188";80;1
path;Kurdwanow;Witosa;100;6,24,50;"50.0136547773547, 19.94872033596039; 50.013682354962725, 19.94999170303345; 50.01349620580138, 19.950871467590336; 50.0132549002597, 19.951901435852054; 50.01237240110261, 19.956251978874207";80;
path;Witosa;nowosadecka;100;6,24,50;"50.01238619027657, 19.956251978874207; 50.0123275862599, 19.95694398880005; 50.012293113275504, 19.95777010917664; 50.01304461872818, 19.96273219585419; 50.01346518087105, 19.964690208435062";80;
path;nowosadecka;Piaski Nowe;100;6,24,50;"50.01359962209116, 19.96522665023804; 50.0136789077626, 19.965376853942875; 50.01388918651852, 19.96573626995087; 50.01403741525253, 19.966117143630985; 50.01440970866111, 19.967324137687683; 50.01460964281969, 19.9680107831955; 50.01496124914971, 19.969335794448853; 50.015143945540736, 19.97019410133362; 50.01547141846545, 19.971583485603336";80;
path;Piaski Nowe;Dauna;100;6,24,50;"50.01547141846545, 19.971588850021366; 50.01562998350072, 19.972286224365238; 50.01577131276505, 19.972929954528812; 50.017029469600324, 19.977017641067505; 50.01756374541408, 19.97743606567383; 50.01778779479369, 19.977532625198364; 50.0184151274984, 19.977548718452457";80;
stop;Biezanowska;50.02376091068945, 19.98044013977051;3,6,9,13,24,50;;;;
path;Dauna;Biezanowska;100;6,24,50;"50.0184151274984, 19.977543354034427; 50.01957325866447, 19.97751653194428; 50.0209760765867, 19.977419972419742; 50.02107947677823, 19.97748970985413; 50.021155303443905, 19.977602362632755; 50.02150686187553, 19.977639913558964; 50.02187565079864, 19.97761845588684; 50.022113466453206, 19.977677464485172; 50.02237885354732, 19.97776865959168; 50.022602880472625, 19.977892041206363; 50.022661471957655, 19.97795104980469; 50.02309918255532, 19.978492856025696; 50.02378158954676, 19.979651570320133; 50.024026288682315, 19.97996270656586; 50.024129682308654, 19.97996270656586";80;
path;Lipska;Gromadzka;100;9,12!,20!,50;"50.040690467788856, 19.983031153678894; 50.04067324147497, 19.98118042945862; 50.040642234094356, 19.978111982345585";80;1.5
path;Gromadzka;Kuklinskiego;100;9,12!,20!,50;"50.04063878882862, 19.978111982345585; 50.04063878882862, 19.97723758220673; 50.04068013200125, 19.976851344108585; 50.040724920398105, 19.976545572280887; 50.041200363880826, 19.975365400314335; 50.041444974273006, 19.975086450576786; 50.04171369974597, 19.974882602691654; 50.044569676242986, 19.973568320274357";80;1
path;Kuklinskiego;Klimeckiego;100;9,12!,20!,50;"50.04458001119317, 19.973573684692386; 50.044817714433016, 19.973439574241638; 50.04500374223439, 19.973332285881046; 50.045410244921015, 19.972999691963196; 50.0463817034988, 19.97175514698029; 50.04681919792649, 19.971095323562626; 50.04766661673459, 19.96973276138306; 50.04864147433646, 19.96822535991669; 50.04880681924478, 19.96797859668732; 50.04898594225268, 19.967586994171143";80;1.5
path;Klimeckiego;Zablocie;100;9,12!,20!,50;"50.04899283158579, 19.967597723007206; 50.04917884320586, 19.967184662818912; 50.049271848745505, 19.96695399284363; 50.04982298898569, 19.964679479599003";80;1
path;Zablocie;Rondo Grzegorzeckie;100;9,12!,20!,50;"50.04981954437887, 19.96470093727112; 50.05016744842174, 19.9632740020752; 50.050997585503644, 19.96198654174805; 50.05152459453947, 19.961621761322025; 50.0545625337833, 19.959631562232975; 50.05599877143198, 19.959073662757877; 50.05685291636198, 19.95898246765137; 50.05761750094195, 19.95897710323334";80;1
path;Rondo Grzegorzeckie;Rondo Mogilskie;100;7,9,14!,17,19!,20!,50;"50.05763472117507, 19.95898246765137; 50.06043464887547, 19.959813952445987; 50.06443622988255, 19.959572553634647; 50.06453264940267, 19.95952963829041; 50.064742705543324, 19.959406256675724; 50.06556570352693, 19.958923459053043";80;2.5
path;Limanowskiego;Plac Bohaterow Getta;100;3,9,19!,24;"50.045203549069875, 19.955468773841858; 50.045434359378994, 19.95547413825989; 50.04645404537226, 19.955109357833866; 50.046695184163, 19.955023527145386";80;1.5
path;Plac Bohaterow Getta;Sw Wawrzynca;100;3,9,19!,24;"50.04668484966822, 19.955023527145386; 50.047962865308655, 19.954583644866947; 50.04845890533843, 19.95426177978516; 50.048572580456515, 19.954149127006534; 50.04984021201623, 19.952496886253357; 50.05054635094585, 19.95170831680298; 50.05113536620247, 19.951102137565613";80;2
path;Sw Wawrzynca;Miodowa;100;3,9,19!,24;"50.05217215327307, 19.94997560977936; 50.05347757756018, 19.948596954345707";80;1
path;Miodowa;Starowislna;100;3,9,19!,24;"50.05416644149735, 19.947835206985477; 50.0558058978918, 19.94613468647003; 50.05650850491323, 19.945437312126163";80;1
path;Dworzec Glowny;Poczta Glowna;100;!3,10,24!,52!;"50.064536092953375, 19.944949150085453; 50.0633928205357, 19.945077896118164; 50.062593891106275, 19.944927692413334; 50.061092418764154, 19.94402647018433; 50.05960467504729, 19.9422025680542";80;2
path;Pleszow;Koksochemia;100;10,21;"50.072841217860336, 20.11755466461182; 50.07244183349593, 20.11107444763184; 50.07235920183284, 20.106267929077152; 50.0722352540712, 20.10583877563477; 50.071808320440006, 20.104465484619144";80;
path;Koksochemia;Meksyk;100;10,21;"50.069797549652115, 20.096204280853275; 50.069880185729254, 20.0951099395752";80;
path;Meksyk;Brama nr 5;100;10,21;"50.06977000426141, 20.093994140625004; 50.06952209503323, 20.09234189987183";80;
path;Brama nr 5;Jezynowa;100;10,21;"50.06892986224528, 20.091633796691898; 50.06811725186726, 20.090732574462894; 50.0674699083236, 20.09030342102051; 50.06470138309652, 20.085239410400394; 50.064632512272766, 20.08459568023682";80;
path;Jezynowa;Brama nr 4;100;10,21;"50.064508544540814, 20.082428455352787; 50.06493554315766, 20.074939727783207";80;
path;Brama nr 4;Fort Mogila;100;10,21;"50.06496309132499, 20.07498264312744; 50.065293668098896, 20.073437690734867; 50.065514051349126, 20.0725793838501; 50.06594104101495, 20.071549415588382; 50.06635425320142, 20.07114171981812";80;
loop;L Kopiec Wandy;50.06868194867419, 20.07039070129395;10,16,21;10NE10;;16NE1,10NE1,21NE1;
path;L Kopiec Wandy;Kopiec Wandy;100;10,16,21;"50.068654402642736, 20.070476531982425; 50.068254983408835, 20.069274902343754";80;0.05
path;Fort Mogila;Kopiec Wandy;100;;"50.06639557422427, 20.07109880447388; 50.06661595241162, 20.070691108703617; 50.06687765019396, 20.07039070129395; 50.0672633074811, 20.070304870605472; 50.06753877507334, 20.07034778594971; 50.06795197349523, 20.070304870605472; 50.06818611768749, 20.070047378540043; 50.068557991408085, 20.06931781768799";80;
path;Kopiec Wandy;Bardosa;100;10,16;"50.068537331832566, 20.06932854652405; 50.06821366398788, 20.06907105445862; 50.06808970551147, 20.06813764572144; 50.06784867422348, 20.06565928459168";80;1
path;Bardosa;Suche Stawy;100;10,16;"50.06784867422348, 20.065670013427738; 50.0676076417242, 20.063277482986454; 50.06751122838532, 20.0606381893158; 50.06751122838532, 20.060251951217655; 50.06749745503539, 20.059039592742923";80;1
path;Suche Stawy;Klasztorna;100;10,16;"50.06748368168148, 20.059050321578983; 50.06750434171085, 20.05866408348084; 50.0675181150588, 20.058449506759647; 50.06758698173933, 20.058073997497562; 50.067972633322874, 20.05589604377747; 50.068254983408835, 20.054190158843998; 50.06853044530542, 20.05260229110718";80;1
path;Klasztorna;OsNa Skarpie;100;10,16;"50.06863374310877, 20.05261301994324; 50.06933616227112, 20.04812836647034; 50.06977689061057, 20.045800209045414";80;1
path;OsNa Skarpie;Plac Centralny im R Reagana;100;10,16;"50.069783776958744, 20.045778751373295; 50.070169410877966, 20.043600797653202; 50.07053438298101, 20.041519403457645; 50.07083737657909, 20.04039287567139; 50.071264318854425, 20.038579702377323; 50.07201490170393, 20.037292242050174";80;2.5
path;Kopiec Wandy;Kopiec Wandy NZ;100;21;"50.06857176445346, 20.069307088851932; 50.06897118104917, 20.06913542747498; 50.06915022878815, 20.06815910339356; 50.069225979553394, 20.067837238311768; 50.06926041167987, 20.067526102066044; 50.069494549484354, 20.067161321640018; 50.0696667089054, 20.067000389099125";80;
path;Kopiec Wandy NZ;Kombinat;100;21;"50.06968048163241, 20.067021846771244; 50.071546649561526, 20.065262317657474; 50.07324059889842, 20.063674449920658; 50.07495514521702, 20.06314873695374; 50.07520302635925, 20.063245296478275; 50.075485333877126, 20.063470602035522; 50.077103405876876, 20.065444707870487; 50.07865257258002, 20.065938234329227; 50.07921026033939, 20.065830945968628";80;
path;Plac Centralny im R Reagana;OsZgody;100;16,21;"50.07310976754539, 20.036090612411503; 50.07487940350127, 20.03365516662598; 50.07674536911772, 20.031112432479862";80;
path;OsZgody;rondo kocmyrzowskie im ks gorzelanego;100;16,21;"50.076738483769205, 20.03113389015198; 50.07868011286856, 20.0286340713501; 50.079630243135085, 20.027368068695072";80;
path;rondo kocmyrzowskie im ks gorzelanego;DH Wanda;100;9,14,16,21,52;"50.07963712806832, 20.02735733985901; 50.08117932819141, 20.025286674499515; 50.083692181930715, 20.022110939025882; 50.08446322296839, 20.02070546150208; 50.08502084313331, 20.019342899322513";80;2.5
path;DH Wanda;Rondo Hipokratesa;100;9,14,16,21,52;"50.085069032225746, 20.019364356994632; 50.08653533430149, 20.019857883453373; 50.08981886215838, 20.021231174468998; 50.09049343750927, 20.02141356468201";80;1
path;Rondo Hipokratesa;Dunikowskiego;100;9,14,16,21,52;"50.09067240488616, 20.020877122879032; 50.09077565499188, 20.020587444305423; 50.09089267150942, 20.019836425781254; 50.091092287262285, 20.01864552497864; 50.09116112008769, 20.018130540847782; 50.091250602612945, 20.017787218093876; 50.09153281563655, 20.016982555389408; 50.09200087259704, 20.016274452209473; 50.0923174967721, 20.015813112258915";80;1.5
path;Dunikowskiego;Rondo Piastowskie;100;9,14,16,21,52;"50.0923106136601, 20.015818476676944; 50.09288190859125, 20.015024542808536; 50.093583972551976, 20.014064311981205; 50.094134603755, 20.013281106948856; 50.09463704920657, 20.0124603509903";80;1.5
path;Rondo Piastowskie;Kleeberga;100;21,52;"50.0946439319844, 20.01247644424439; 50.095769252863285, 20.01266956329346";80;
path;Kleeberga;Piasta Kolodzieja;100;21,52;"50.096966813026086, 20.012846589088443; 50.098181548932516, 20.013034343719486";80;
path;Piasta Kolodzieja;Os Piastow;100;21,52;"50.09818499006699, 20.013039708137512; 50.09996402348621, 20.01314699649811; 50.10025306716469, 20.013066530227665; 50.10049049459594, 20.012991428375248; 50.10097566873111, 20.012803673744205; 50.1017636361111, 20.012540817260746; 50.10201826035387, 20.012385249137882; 50.10206987321106, 20.012304782867435; 50.10222127060474, 20.01189708709717";80;
path;Rondo Piastowskie;OsZlotego Wieku ;100;9,14,16;"50.09462328364795, 20.012497901916507; 50.09397629793221, 20.008420944213867; 50.09381110868993, 20.007390975952152; 50.09361838718754, 20.006489753723148; 50.093522026145656, 20.005717277526855; 50.093549557891684, 20.005202293396; 50.09372851385525, 20.004376173019413";80;1
path;OsZlotego Wieku ;Misnienska;100;9,14,16 ;"50.093886820496685, 20.003753900527958; 50.09392811779538, 20.003550052642826; 50.093969415058474, 20.00335693359375; 50.09417590084016, 20.001608133316044; 50.09423096356499, 20.00115752220154; 50.09449939344247, 19.999891519546512";80;1
path;Misnienska;Mistrzejowice;100;9,14,16;"50.09451315903669, 19.99991297721863; 50.09474717353313, 19.998883008956913; 50.0949743041573, 19.998142719268802; 50.09526337794003, 19.996898174285892; 50.09526337794003, 19.996522665023807; 50.09523584717871, 19.996361732482914; 50.09520143370483, 19.996286630630497; 50.09492612502397, 19.995889663696293";80;0.1
path;J Uniwersytet Jagiellonski;Uniwersytet Jagiellonski;100;20!;"50.06057584631336, 19.932407140731815; 50.06030033873186, 19.931087493896488";80;
path;Uniwersytet Jagiellonski;Muzeum Narodowe;100;20!;"50.06032788956121, 19.931173324584964; 50.05943936734189, 19.92500424385071";80;
path;Muzeum Narodowe;Oleandry;100;20!;"50.05942559167404, 19.92504715919495; 50.059356713275584, 19.924242496490482; 50.05936360111989, 19.923877716064453; 50.059845747763305, 19.92077708244324";80;
path;Oleandry;Park Jordana;100;20!;"50.05983885998823, 19.92074489593506; 50.06031411414852, 19.917869567871097";80;
path;Park Jordana;Reymana;100;20!;"50.06030722644069, 19.917848110198978; 50.06138169690694, 19.91085290908814";80;
path;Reymana;Cichy Kacik;100;20!;"50.06135414668278, 19.910928010940555; 50.06242859370096, 19.904222488403324; 50.06289693487, 19.903664588928226; 50.063020906767, 19.9033534526825";80;
